"$__","$isNew","_doc"
"{""activePaths"":{""paths"":{""status"":""init"",""price"":""init"",""category"":""init"",""product_description"":""require"",""product_name"":""init"",""_id"":""init"",""createdAt"":""init""},""states"":{""require"":{""product_description"":true},""init"":{""_id"":true,""product_name"":true,""category"":true,""price"":true,""status"":true,""createdAt"":true}}},""skipId"":true,""selected"":{""product_name"":1,""category"":1,""price"":1,""status"":1,""createdAt"":1},""exclude"":false}",false,"{""_id"":""637b5531f013bd796c7be738"",""product_name"":""400SE"",""category"":""Mercedes-Benz"",""price"":""$37306182.53"",""status"":""Out of Stock"",""createdAt"":""2009-04-19T15:19:03.000Z""}"
"{""activePaths"":{""paths"":{""status"":""init"",""price"":""init"",""category"":""init"",""product_description"":""require"",""product_name"":""init"",""_id"":""init"",""createdAt"":""init""},""states"":{""require"":{""product_description"":true},""init"":{""_id"":true,""product_name"":true,""category"":true,""price"":true,""status"":true,""createdAt"":true}}},""skipId"":true,""selected"":{""product_name"":1,""category"":1,""price"":1,""status"":1,""createdAt"":1},""exclude"":false}",false,"{""_id"":""637b5531f013bd796c7be6bf"",""product_name"":""C-Class"",""category"":""Mercedes-Benz"",""price"":""$1418185.55"",""status"":""Available"",""createdAt"":""2011-01-31T04:24:49.000Z""}"
"{""activePaths"":{""paths"":{""status"":""init"",""price"":""init"",""category"":""init"",""product_description"":""require"",""product_name"":""init"",""_id"":""init"",""createdAt"":""init""},""states"":{""require"":{""product_description"":true},""init"":{""_id"":true,""product_name"":true,""category"":true,""price"":true,""status"":true,""createdAt"":true}}},""skipId"":true,""selected"":{""product_name"":1,""category"":1,""price"":1,""status"":1,""createdAt"":1},""exclude"":false}",false,"{""_id"":""637b5531f013bd796c7be6d2"",""product_name"":""300SL"",""category"":""Mercedes-Benz"",""price"":""$14305617.32"",""status"":""Out of Stock"",""createdAt"":""2018-12-05T09:07:57.000Z""}"
"{""activePaths"":{""paths"":{""status"":""init"",""price"":""init"",""category"":""init"",""product_description"":""require"",""product_name"":""init"",""_id"":""init"",""createdAt"":""init""},""states"":{""require"":{""product_description"":true},""init"":{""_id"":true,""product_name"":true,""category"":true,""price"":true,""status"":true,""createdAt"":true}}},""skipId"":true,""selected"":{""product_name"":1,""category"":1,""price"":1,""status"":1,""createdAt"":1},""exclude"":false}",false,"{""_id"":""637b5531f013bd796c7be713"",""product_name"":""S-Class"",""category"":""Mercedes-Benz"",""price"":""$1935960.95"",""status"":""Available"",""createdAt"":""2020-07-05T10:04:10.000Z""}"
"{""activePaths"":{""paths"":{""status"":""init"",""price"":""init"",""category"":""init"",""product_description"":""require"",""product_name"":""init"",""_id"":""init"",""createdAt"":""init""},""states"":{""require"":{""product_description"":true},""init"":{""_id"":true,""product_name"":true,""category"":true,""price"":true,""status"":true,""createdAt"":true}}},""skipId"":true,""selected"":{""product_name"":1,""category"":1,""price"":1,""status"":1,""createdAt"":1},""exclude"":false}",false,"{""_id"":""637b5531f013bd796c7be72f"",""product_name"":""300SD"",""category"":""Mercedes-Benz"",""price"":""$8125426.09"",""status"":""Out of Stock"",""createdAt"":""2011-12-23T19:14:43.000Z""}"
"{""activePaths"":{""paths"":{""status"":""init"",""price"":""init"",""category"":""init"",""product_description"":""require"",""product_name"":""init"",""_id"":""init"",""createdAt"":""init""},""states"":{""require"":{""product_description"":true},""init"":{""_id"":true,""product_name"":true,""category"":true,""price"":true,""status"":true,""createdAt"":true}}},""skipId"":true,""selected"":{""product_name"":1,""category"":1,""price"":1,""status"":1,""createdAt"":1},""exclude"":false}",false,"{""_id"":""637b5531f013bd796c7be7d1"",""product_name"":""S-Class"",""category"":""Mercedes-Benz"",""price"":""$22674458.27"",""status"":""Out of Stock"",""createdAt"":""2018-06-28T23:52:52.000Z""}"
"{""activePaths"":{""paths"":{""status"":""init"",""price"":""init"",""category"":""init"",""product_description"":""require"",""product_name"":""init"",""_id"":""init"",""createdAt"":""init""},""states"":{""require"":{""product_description"":true},""init"":{""_id"":true,""product_name"":true,""category"":true,""price"":true,""status"":true,""createdAt"":true}}},""skipId"":true,""selected"":{""product_name"":1,""category"":1,""price"":1,""status"":1,""createdAt"":1},""exclude"":false}",false,"{""_id"":""637b5531f013bd796c7be7d2"",""product_name"":""E-Class"",""category"":""Mercedes-Benz"",""price"":""$45647151.29"",""status"":""Out of Stock"",""createdAt"":""2011-09-09T01:46:02.000Z""}"
"{""activePaths"":{""paths"":{""status"":""init"",""price"":""init"",""category"":""init"",""product_description"":""require"",""product_name"":""init"",""_id"":""init"",""createdAt"":""init""},""states"":{""require"":{""product_description"":true},""init"":{""_id"":true,""product_name"":true,""category"":true,""price"":true,""status"":true,""createdAt"":true}}},""skipId"":true,""selected"":{""product_name"":1,""category"":1,""price"":1,""status"":1,""createdAt"":1},""exclude"":false}",false,"{""_id"":""637b5531f013bd796c7be7ab"",""product_name"":""SLK-Class"",""category"":""Mercedes-Benz"",""price"":""$36732956.84"",""status"":""Deleted"",""createdAt"":""2013-06-19T20:30:22.000Z""}"
"{""activePaths"":{""paths"":{""status"":""init"",""price"":""init"",""category"":""init"",""product_description"":""require"",""product_name"":""init"",""_id"":""init"",""createdAt"":""init""},""states"":{""require"":{""product_description"":true},""init"":{""_id"":true,""product_name"":true,""category"":true,""price"":true,""status"":true,""createdAt"":true}}},""skipId"":true,""selected"":{""product_name"":1,""category"":1,""price"":1,""status"":1,""createdAt"":1},""exclude"":false}",false,"{""_id"":""637b5531f013bd796c7be7ad"",""product_name"":""S-Class"",""category"":""Mercedes-Benz"",""price"":""$763605.62"",""status"":""Available"",""createdAt"":""2017-02-21T02:45:21.000Z""}"
"{""activePaths"":{""paths"":{""status"":""init"",""price"":""init"",""category"":""init"",""product_description"":""require"",""product_name"":""init"",""_id"":""init"",""createdAt"":""init""},""states"":{""require"":{""product_description"":true},""init"":{""_id"":true,""product_name"":true,""category"":true,""price"":true,""status"":true,""createdAt"":true}}},""skipId"":true,""selected"":{""product_name"":1,""category"":1,""price"":1,""status"":1,""createdAt"":1},""exclude"":false}",false,"{""_id"":""637b5531f013bd796c7be806"",""product_name"":""G-Class"",""category"":""Mercedes-Benz"",""price"":""$16690819.35"",""status"":""Available"",""createdAt"":""2019-11-26T16:14:14.000Z""}"
"{""activePaths"":{""paths"":{""status"":""init"",""price"":""init"",""category"":""init"",""product_description"":""require"",""product_name"":""init"",""_id"":""init"",""createdAt"":""init""},""states"":{""require"":{""product_description"":true},""init"":{""_id"":true,""product_name"":true,""category"":true,""price"":true,""status"":true,""createdAt"":true}}},""skipId"":true,""selected"":{""product_name"":1,""category"":1,""price"":1,""status"":1,""createdAt"":1},""exclude"":false}",false,"{""_id"":""637b5531f013bd796c7be913"",""product_name"":""E-Class"",""category"":""Mercedes-Benz"",""price"":""$33143140.55"",""status"":""Deleted"",""createdAt"":""2019-05-14T06:27:11.000Z""}"
"{""activePaths"":{""paths"":{""status"":""init"",""price"":""init"",""category"":""init"",""product_description"":""require"",""product_name"":""init"",""_id"":""init"",""createdAt"":""init""},""states"":{""require"":{""product_description"":true},""init"":{""_id"":true,""product_name"":true,""category"":true,""price"":true,""status"":true,""createdAt"":true}}},""skipId"":true,""selected"":{""product_name"":1,""category"":1,""price"":1,""status"":1,""createdAt"":1},""exclude"":false}",false,"{""_id"":""637b5531f013bd796c7be95f"",""product_name"":""C-Class"",""category"":""Mercedes-Benz"",""price"":""$37888751.64"",""status"":""Out of Stock"",""createdAt"":""2008-05-28T07:53:37.000Z""}"
"{""activePaths"":{""paths"":{""status"":""init"",""price"":""init"",""category"":""init"",""product_description"":""require"",""product_name"":""init"",""_id"":""init"",""createdAt"":""init""},""states"":{""require"":{""product_description"":true},""init"":{""_id"":true,""product_name"":true,""category"":true,""price"":true,""status"":true,""createdAt"":true}}},""skipId"":true,""selected"":{""product_name"":1,""category"":1,""price"":1,""status"":1,""createdAt"":1},""exclude"":false}",false,"{""_id"":""637b5531f013bd796c7be83e"",""product_name"":""CL-Class"",""category"":""Mercedes-Benz"",""price"":""$20994265.84"",""status"":""Deleted"",""createdAt"":""2011-01-07T06:23:21.000Z""}"
"{""activePaths"":{""paths"":{""status"":""init"",""price"":""init"",""category"":""init"",""product_description"":""require"",""product_name"":""init"",""_id"":""init"",""createdAt"":""init""},""states"":{""require"":{""product_description"":true},""init"":{""_id"":true,""product_name"":true,""category"":true,""price"":true,""status"":true,""createdAt"":true}}},""skipId"":true,""selected"":{""product_name"":1,""category"":1,""price"":1,""status"":1,""createdAt"":1},""exclude"":false}",false,"{""_id"":""637b5531f013bd796c7be984"",""product_name"":""SL-Class"",""category"":""Mercedes-Benz"",""price"":""$9469137.89"",""status"":""Deleted"",""createdAt"":""2009-04-13T06:04:16.000Z""}"
"{""activePaths"":{""paths"":{""status"":""init"",""price"":""init"",""category"":""init"",""product_description"":""require"",""product_name"":""init"",""_id"":""init"",""createdAt"":""init""},""states"":{""require"":{""product_description"":true},""init"":{""_id"":true,""product_name"":true,""category"":true,""price"":true,""status"":true,""createdAt"":true}}},""skipId"":true,""selected"":{""product_name"":1,""category"":1,""price"":1,""status"":1,""createdAt"":1},""exclude"":false}",false,"{""_id"":""637b5531f013bd796c7be9a3"",""product_name"":""S-Class"",""category"":""Mercedes-Benz"",""price"":""$14576118.37"",""status"":""Available"",""createdAt"":""2019-07-19T08:51:22.000Z""}"
"{""activePaths"":{""paths"":{""status"":""init"",""price"":""init"",""category"":""init"",""product_description"":""require"",""product_name"":""init"",""_id"":""init"",""createdAt"":""init""},""states"":{""require"":{""product_description"":true},""init"":{""_id"":true,""product_name"":true,""category"":true,""price"":true,""status"":true,""createdAt"":true}}},""skipId"":true,""selected"":{""product_name"":1,""category"":1,""price"":1,""status"":1,""createdAt"":1},""exclude"":false}",false,"{""_id"":""637b5531f013bd796c7be931"",""product_name"":""E-Class"",""category"":""Mercedes-Benz"",""price"":""$24949690.24"",""status"":""Deleted"",""createdAt"":""2010-11-26T22:30:45.000Z""}"
"{""activePaths"":{""paths"":{""status"":""init"",""price"":""init"",""category"":""init"",""product_description"":""require"",""product_name"":""init"",""_id"":""init"",""createdAt"":""init""},""states"":{""require"":{""product_description"":true},""init"":{""_id"":true,""product_name"":true,""category"":true,""price"":true,""status"":true,""createdAt"":true}}},""skipId"":true,""selected"":{""product_name"":1,""category"":1,""price"":1,""status"":1,""createdAt"":1},""exclude"":false}",false,"{""_id"":""637b5531f013bd796c7be934"",""product_name"":""M-Class"",""category"":""Mercedes-Benz"",""price"":""$11554202.94"",""status"":""Deleted"",""createdAt"":""2008-08-26T23:11:41.000Z""}"
"{""activePaths"":{""paths"":{""status"":""init"",""price"":""init"",""category"":""init"",""product_description"":""require"",""product_name"":""init"",""_id"":""init"",""createdAt"":""init""},""states"":{""require"":{""product_description"":true},""init"":{""_id"":true,""product_name"":true,""category"":true,""price"":true,""status"":true,""createdAt"":true}}},""skipId"":true,""selected"":{""product_name"":1,""category"":1,""price"":1,""status"":1,""createdAt"":1},""exclude"":false}",false,"{""_id"":""637b5531f013bd796c7be983"",""product_name"":""CLK-Class"",""category"":""Mercedes-Benz"",""price"":""$7481419.63"",""status"":""Deleted"",""createdAt"":""2022-10-02T01:30:23.000Z""}"
"{""activePaths"":{""paths"":{""status"":""init"",""price"":""init"",""category"":""init"",""product_description"":""require"",""product_name"":""init"",""_id"":""init"",""createdAt"":""init""},""states"":{""require"":{""product_description"":true},""init"":{""_id"":true,""product_name"":true,""category"":true,""price"":true,""status"":true,""createdAt"":true}}},""skipId"":true,""selected"":{""product_name"":1,""category"":1,""price"":1,""status"":1,""createdAt"":1},""exclude"":false}",false,"{""_id"":""637b5531f013bd796c7be997"",""product_name"":""GL-Class"",""category"":""Mercedes-Benz"",""price"":""$43739923.13"",""status"":""Deleted"",""createdAt"":""2019-02-08T05:52:34.000Z""}"
"{""activePaths"":{""paths"":{""status"":""init"",""price"":""init"",""category"":""init"",""product_description"":""require"",""product_name"":""init"",""_id"":""init"",""createdAt"":""init""},""states"":{""require"":{""product_description"":true},""init"":{""_id"":true,""product_name"":true,""category"":true,""price"":true,""status"":true,""createdAt"":true}}},""skipId"":true,""selected"":{""product_name"":1,""category"":1,""price"":1,""status"":1,""createdAt"":1},""exclude"":false}",false,"{""_id"":""637b5531f013bd796c7be9b4"",""product_name"":""Sprinter 2500"",""category"":""Mercedes-Benz"",""price"":""$33479720.09"",""status"":""Available"",""createdAt"":""2018-11-08T15:03:09.000Z""}"
"{""activePaths"":{""paths"":{""status"":""init"",""price"":""init"",""category"":""init"",""product_description"":""require"",""product_name"":""init"",""_id"":""init"",""createdAt"":""init""},""states"":{""require"":{""product_description"":true},""init"":{""_id"":true,""product_name"":true,""category"":true,""price"":true,""status"":true,""createdAt"":true}}},""skipId"":true,""selected"":{""product_name"":1,""category"":1,""price"":1,""status"":1,""createdAt"":1},""exclude"":false}",false,"{""_id"":""637b5531f013bd796c7be6b5"",""product_name"":""500SL"",""category"":""Mercedes-Benz"",""price"":""$10299936.47"",""status"":""Deleted"",""createdAt"":""2021-11-19T06:03:22.000Z""}"
"{""activePaths"":{""paths"":{""status"":""init"",""price"":""init"",""category"":""init"",""product_description"":""require"",""product_name"":""init"",""_id"":""init"",""createdAt"":""init""},""states"":{""require"":{""product_description"":true},""init"":{""_id"":true,""product_name"":true,""category"":true,""price"":true,""status"":true,""createdAt"":true}}},""skipId"":true,""selected"":{""product_name"":1,""category"":1,""price"":1,""status"":1,""createdAt"":1},""exclude"":false}",false,"{""_id"":""637b5531f013bd796c7be6c8"",""product_name"":""CLK-Class"",""category"":""Mercedes-Benz"",""price"":""$25173777.23"",""status"":""Available"",""createdAt"":""2008-09-29T01:11:04.000Z""}"
"{""activePaths"":{""paths"":{""status"":""init"",""price"":""init"",""category"":""init"",""product_description"":""require"",""product_name"":""init"",""_id"":""init"",""createdAt"":""init""},""states"":{""require"":{""product_description"":true},""init"":{""_id"":true,""product_name"":true,""category"":true,""price"":true,""status"":true,""createdAt"":true}}},""skipId"":true,""selected"":{""product_name"":1,""category"":1,""price"":1,""status"":1,""createdAt"":1},""exclude"":false}",false,"{""_id"":""637b5531f013bd796c7be6f1"",""product_name"":""E-Class"",""category"":""Mercedes-Benz"",""price"":""$8560519.47"",""status"":""Out of Stock"",""createdAt"":""2016-12-12T03:31:39.000Z""}"
"{""activePaths"":{""paths"":{""status"":""init"",""price"":""init"",""category"":""init"",""product_description"":""require"",""product_name"":""init"",""_id"":""init"",""createdAt"":""init""},""states"":{""require"":{""product_description"":true},""init"":{""_id"":true,""product_name"":true,""category"":true,""price"":true,""status"":true,""createdAt"":true}}},""skipId"":true,""selected"":{""product_name"":1,""category"":1,""price"":1,""status"":1,""createdAt"":1},""exclude"":false}",false,"{""_id"":""637b5531f013bd796c7be6a7"",""product_name"":""E-Class"",""category"":""Mercedes-Benz"",""price"":""$20171697.70"",""status"":""Out of Stock"",""createdAt"":""2020-10-10T10:24:11.000Z""}"
"{""activePaths"":{""paths"":{""status"":""init"",""price"":""init"",""category"":""init"",""product_description"":""require"",""product_name"":""init"",""_id"":""init"",""createdAt"":""init""},""states"":{""require"":{""product_description"":true},""init"":{""_id"":true,""product_name"":true,""category"":true,""price"":true,""status"":true,""createdAt"":true}}},""skipId"":true,""selected"":{""product_name"":1,""category"":1,""price"":1,""status"":1,""createdAt"":1},""exclude"":false}",false,"{""_id"":""637b5531f013bd796c7be7e4"",""product_name"":""SLK-Class"",""category"":""Mercedes-Benz"",""price"":""$49048321.54"",""status"":""Deleted"",""createdAt"":""2013-01-26T02:05:02.000Z""}"
"{""activePaths"":{""paths"":{""status"":""init"",""price"":""init"",""category"":""init"",""product_description"":""require"",""product_name"":""init"",""_id"":""init"",""createdAt"":""init""},""states"":{""require"":{""product_description"":true},""init"":{""_id"":true,""product_name"":true,""category"":true,""price"":true,""status"":true,""createdAt"":true}}},""skipId"":true,""selected"":{""product_name"":1,""category"":1,""price"":1,""status"":1,""createdAt"":1},""exclude"":false}",false,"{""_id"":""637b5531f013bd796c7be7f7"",""product_name"":""500E"",""category"":""Mercedes-Benz"",""price"":""$44929284.35"",""status"":""Deleted"",""createdAt"":""2014-04-03T05:31:40.000Z""}"
"{""activePaths"":{""paths"":{""status"":""init"",""price"":""init"",""category"":""init"",""product_description"":""require"",""product_name"":""init"",""_id"":""init"",""createdAt"":""init""},""states"":{""require"":{""product_description"":true},""init"":{""_id"":true,""product_name"":true,""category"":true,""price"":true,""status"":true,""createdAt"":true}}},""skipId"":true,""selected"":{""product_name"":1,""category"":1,""price"":1,""status"":1,""createdAt"":1},""exclude"":false}",false,"{""_id"":""637b5531f013bd796c7be86f"",""product_name"":""SLK-Class"",""category"":""Mercedes-Benz"",""price"":""$9588149.60"",""status"":""Out of Stock"",""createdAt"":""2012-10-13T01:20:23.000Z""}"
"{""activePaths"":{""paths"":{""status"":""init"",""price"":""init"",""category"":""init"",""product_description"":""require"",""product_name"":""init"",""_id"":""init"",""createdAt"":""init""},""states"":{""require"":{""product_description"":true},""init"":{""_id"":true,""product_name"":true,""category"":true,""price"":true,""status"":true,""createdAt"":true}}},""skipId"":true,""selected"":{""product_name"":1,""category"":1,""price"":1,""status"":1,""createdAt"":1},""exclude"":false}",false,"{""_id"":""637b5531f013bd796c7be89b"",""product_name"":""SL-Class"",""category"":""Mercedes-Benz"",""price"":""$16330859.61"",""status"":""Deleted"",""createdAt"":""2013-05-20T05:09:34.000Z""}"
"{""activePaths"":{""paths"":{""status"":""init"",""price"":""init"",""category"":""init"",""product_description"":""require"",""product_name"":""init"",""_id"":""init"",""createdAt"":""init""},""states"":{""require"":{""product_description"":true},""init"":{""_id"":true,""product_name"":true,""category"":true,""price"":true,""status"":true,""createdAt"":true}}},""skipId"":true,""selected"":{""product_name"":1,""category"":1,""price"":1,""status"":1,""createdAt"":1},""exclude"":false}",false,"{""_id"":""637b5531f013bd796c7be8d0"",""product_name"":""E-Class"",""category"":""Mercedes-Benz"",""price"":""$25877805.02"",""status"":""Out of Stock"",""createdAt"":""2016-12-22T11:49:55.000Z""}"
"{""activePaths"":{""paths"":{""status"":""init"",""price"":""init"",""category"":""init"",""product_description"":""require"",""product_name"":""init"",""_id"":""init"",""createdAt"":""init""},""states"":{""require"":{""product_description"":true},""init"":{""_id"":true,""product_name"":true,""category"":true,""price"":true,""status"":true,""createdAt"":true}}},""skipId"":true,""selected"":{""product_name"":1,""category"":1,""price"":1,""status"":1,""createdAt"":1},""exclude"":false}",false,"{""_id"":""637b5531f013bd796c7be8e3"",""product_name"":""W201"",""category"":""Mercedes-Benz"",""price"":""$21766875.57"",""status"":""Available"",""createdAt"":""2007-04-06T19:08:44.000Z""}"
"{""activePaths"":{""paths"":{""status"":""init"",""price"":""init"",""category"":""init"",""product_description"":""require"",""product_name"":""init"",""_id"":""init"",""createdAt"":""init""},""states"":{""require"":{""product_description"":true},""init"":{""_id"":true,""product_name"":true,""category"":true,""price"":true,""status"":true,""createdAt"":true}}},""skipId"":true,""selected"":{""product_name"":1,""category"":1,""price"":1,""status"":1,""createdAt"":1},""exclude"":false}",false,"{""_id"":""637b5531f013bd796c7be94e"",""product_name"":""M-Class"",""category"":""Mercedes-Benz"",""price"":""$22395119.36"",""status"":""Deleted"",""createdAt"":""2015-07-11T04:37:26.000Z""}"
"{""activePaths"":{""paths"":{""status"":""init"",""price"":""init"",""category"":""init"",""product_description"":""require"",""product_name"":""init"",""_id"":""init"",""createdAt"":""init""},""states"":{""require"":{""product_description"":true},""init"":{""_id"":true,""product_name"":true,""category"":true,""price"":true,""status"":true,""createdAt"":true}}},""skipId"":true,""selected"":{""product_name"":1,""category"":1,""price"":1,""status"":1,""createdAt"":1},""exclude"":false}",false,"{""_id"":""637b5531f013bd796c7be8d4"",""product_name"":""S-Class"",""category"":""Mercedes-Benz"",""price"":""$13893477.70"",""status"":""Out of Stock"",""createdAt"":""2019-05-15T02:04:07.000Z""}"
"{""activePaths"":{""paths"":{""status"":""init"",""price"":""init"",""category"":""init"",""product_description"":""require"",""product_name"":""init"",""_id"":""init"",""createdAt"":""init""},""states"":{""require"":{""product_description"":true},""init"":{""_id"":true,""product_name"":true,""category"":true,""price"":true,""status"":true,""createdAt"":true}}},""skipId"":true,""selected"":{""product_name"":1,""category"":1,""price"":1,""status"":1,""createdAt"":1},""exclude"":false}",false,"{""_id"":""637b5531f013bd796c7be979"",""product_name"":""S-Class"",""category"":""Mercedes-Benz"",""price"":""$3843243.17"",""status"":""Out of Stock"",""createdAt"":""2008-09-28T20:16:36.000Z""}"
"{""activePaths"":{""paths"":{""status"":""init"",""price"":""init"",""category"":""init"",""product_description"":""require"",""product_name"":""init"",""_id"":""init"",""createdAt"":""init""},""states"":{""require"":{""product_description"":true},""init"":{""_id"":true,""product_name"":true,""category"":true,""price"":true,""status"":true,""createdAt"":true}}},""skipId"":true,""selected"":{""product_name"":1,""category"":1,""price"":1,""status"":1,""createdAt"":1},""exclude"":false}",false,"{""_id"":""637b5531f013bd796c7be98e"",""product_name"":""M-Class"",""category"":""Mercedes-Benz"",""price"":""$3529145.62"",""status"":""Out of Stock"",""createdAt"":""2014-08-27T18:13:08.000Z""}"
"{""activePaths"":{""paths"":{""status"":""init"",""price"":""init"",""category"":""init"",""product_description"":""require"",""product_name"":""init"",""_id"":""init"",""createdAt"":""init""},""states"":{""require"":{""product_description"":true},""init"":{""_id"":true,""product_name"":true,""category"":true,""price"":true,""status"":true,""createdAt"":true}}},""skipId"":true,""selected"":{""product_name"":1,""category"":1,""price"":1,""status"":1,""createdAt"":1},""exclude"":false}",false,"{""_id"":""637b5531f013bd796c7be9ef"",""product_name"":""E-Class"",""category"":""Mercedes-Benz"",""price"":""$2626059.57"",""status"":""Out of Stock"",""createdAt"":""2014-10-02T09:08:07.000Z""}"
"{""activePaths"":{""paths"":{""status"":""init"",""price"":""init"",""category"":""init"",""product_description"":""require"",""product_name"":""init"",""_id"":""init"",""createdAt"":""init""},""states"":{""require"":{""product_description"":true},""init"":{""_id"":true,""product_name"":true,""category"":true,""price"":true,""status"":true,""createdAt"":true}}},""skipId"":true,""selected"":{""product_name"":1,""category"":1,""price"":1,""status"":1,""createdAt"":1},""exclude"":false}",false,"{""_id"":""637b5531f013bd796c7be999"",""product_name"":""E-Class"",""category"":""Mercedes-Benz"",""price"":""$2234790.95"",""status"":""Deleted"",""createdAt"":""2011-08-11T23:52:07.000Z""}"
"{""activePaths"":{""paths"":{""status"":""init"",""price"":""init"",""category"":""init"",""product_description"":""require"",""product_name"":""init"",""_id"":""init"",""createdAt"":""init""},""states"":{""require"":{""product_description"":true},""init"":{""_id"":true,""product_name"":true,""category"":true,""price"":true,""status"":true,""createdAt"":true}}},""skipId"":true,""selected"":{""product_name"":1,""category"":1,""price"":1,""status"":1,""createdAt"":1},""exclude"":false}",false,"{""_id"":""637b5531f013bd796c7be9b7"",""product_name"":""R-Class"",""category"":""Mercedes-Benz"",""price"":""$20139.63"",""status"":""Deleted"",""createdAt"":""2010-11-23T20:12:32.000Z""}"
"{""activePaths"":{""paths"":{""status"":""init"",""price"":""init"",""category"":""init"",""product_description"":""require"",""product_name"":""init"",""_id"":""init"",""createdAt"":""init""},""states"":{""require"":{""product_description"":true},""init"":{""_id"":true,""product_name"":true,""category"":true,""price"":true,""status"":true,""createdAt"":true}}},""skipId"":true,""selected"":{""product_name"":1,""category"":1,""price"":1,""status"":1,""createdAt"":1},""exclude"":false}",false,"{""_id"":""637b5531f013bd796c7be9d0"",""product_name"":""SLK-Class"",""category"":""Mercedes-Benz"",""price"":""$3487826.81"",""status"":""Available"",""createdAt"":""2014-12-28T21:31:16.000Z""}"
"{""activePaths"":{""paths"":{""status"":""init"",""price"":""init"",""category"":""init"",""product_description"":""require"",""product_name"":""init"",""_id"":""init"",""createdAt"":""init""},""states"":{""require"":{""product_description"":true},""init"":{""_id"":true,""product_name"":true,""category"":true,""price"":true,""status"":true,""createdAt"":true}}},""skipId"":true,""selected"":{""product_name"":1,""category"":1,""price"":1,""status"":1,""createdAt"":1},""exclude"":false}",false,"{""_id"":""637b5531f013bd796c7be9fc"",""product_name"":""G-Class"",""category"":""Mercedes-Benz"",""price"":""$2890691.23"",""status"":""Deleted"",""createdAt"":""2009-12-10T12:41:37.000Z""}"
"{""activePaths"":{""paths"":{""status"":""init"",""price"":""init"",""category"":""init"",""product_description"":""require"",""product_name"":""init"",""_id"":""init"",""createdAt"":""init""},""states"":{""require"":{""product_description"":true},""init"":{""_id"":true,""product_name"":true,""category"":true,""price"":true,""status"":true,""createdAt"":true}}},""skipId"":true,""selected"":{""product_name"":1,""category"":1,""price"":1,""status"":1,""createdAt"":1},""exclude"":false}",false,"{""_id"":""637b5531f013bd796c7bea54"",""product_name"":""S-Class"",""category"":""Mercedes-Benz"",""price"":""$10055233.63"",""status"":""Deleted"",""createdAt"":""2014-10-21T15:25:15.000Z""}"